Date,Open,High,Low,Close,Volume,Dividends,Stock Splits,sentiment_score_mean,positive_count,neutral_count,negative_count,Daily_Return,MA_3,MA_7,Volatility_7,Lag_1_Close,Lag_1_Sentiment,Sentiment_MA_3,Sentiment_MA_7,Sentiment_Volatility_3
2025-04-25,261.69000244140625,286.8500061035156,259.6300048828125,284.95001220703125,167560700,0.0,0.0,0.0,0.0,0.0,0.0,9.803091011549903,265.0666758219401,249.08428955078125,5.677828847525566,259.510009765625,0.0,0.0,0.0,0.0
2025-04-28,288.9800109863281,294.8599853515625,272.4200134277344,285.8800048828125,151731800,0.0,0.0,0.0,0.0,0.0,0.0,0.32637046356942534,276.78000895182294,255.41714695521765,4.938108111128943,284.95001220703125,0.0,0.0,0.0,0.0
2025-04-29,285.5,293.32000732421875,279.4700012207031,292.0299987792969,108906600,0.0,0.0,0.0,0.0,0.0,0.0,2.1512501019458785,287.62000528971356,262.65429033551897,4.811800628550182,285.8800048828125,0.0,0.0,0.0,0.0
2025-04-30,279.8999938964844,284.45001220703125,270.7799987792969,282.1600036621094,128961100,0.0,0.0,0.0,0.0,0.0,0.0,-3.3797880897321053,286.69000244140625,270.46286228724887,4.143250991565962,292.0299987792969,0.0,0.0,0.0,0.0
2025-05-01,280.010009765625,290.8699951171875,279.8099975585937,280.5199890136719,99659000,0.0,0.0,0.0,0.0,0.0,0.0,-0.5812356915055328,284.90333048502606,276.54143197195873,4.309748479672667,282.1600036621094,0.0,0.0,0.0,0.0
2025-05-02,284.8999938964844,294.7799987792969,279.8099975585937,287.2099914550781,114454700,0.0,0.0,0.0,0.0,0.0,0.0,2.3848576584252656,283.2966613769531,281.75142996651783,4.117083630321665,280.5199890136719,0.0,0.0,0.0,0.0
2025-05-05,284.57000732421875,284.8500061035156,274.3999938964844,280.260009765625,94618900,0.0,0.0,0.0,0.0,0.0,0.0,-2.4198258752220814,282.663330078125,284.71571568080356,4.365273346515816,287.2099914550781,0.0,0.0,0.0,0.0
2025-05-06,273.1099853515625,277.7300109863281,271.3500061035156,275.3500061035156,76715800,0.0,0.0,0.0,0.0,0.0,0.0,-1.7519458684867262,280.94000244140625,283.3442862374442,2.220351367749495,280.260009765625,0.0,0.0,0.0,0.0
2025-05-07,276.8800048828125,277.9200134277344,271.0,276.2200012207031,71592600,0.0,0.0,0.0,0.0,0.0,0.0,0.3159597232260225,277.27667236328125,281.9642857142857,2.2197346317245783,275.3500061035156,0.0,0.0,0.0,0.0
2025-05-08,279.6300048828125,289.79998779296875,279.4100036621094,284.82000732421875,97539400,0.0,0.0,0.0,0.0,0.0,0.0,3.1134624811778533,278.7966715494792,280.93428693498885,2.4289493124920005,276.2200012207031,0.0,0.0,0.0,0.0
2025-05-09,290.2099914550781,307.0400085449219,290.0,298.260009765625,132387800,0.0,0.0,0.0,0.0,0.0,0.0,4.718770485146129,286.43333943684894,283.23428780691967,2.6532315891308182,284.82000732421875,0.0,0.0,0.0,0.0
2025-05-12,321.989990234375,322.2099914550781,311.5,318.3800048828125,112826700,0.0,0.0,0.0,0.0,0.0,0.0,6.745790403815088,300.48667399088544,288.64286150251115,3.357484181242038,298.260009765625,0.0,0.0,0.0,0.0
2025-05-13,320.0,337.5899963378906,316.79998779296875,334.07000732421875,136992600,0.0,0.0,0.0,0.0,0.0,0.0,4.928074062685361,316.90334065755206,295.337149483817,3.5540245499044825,318.3800048828125,0.0,0.0,0.0,0.0
2025-05-14,342.5,350.0,337.0,347.67999267578125,136997300,0.0,0.0,0.0,0.0,0.0,0.0,4.073991993646375,333.3766682942708,304.9685756138393,2.9287934249763397,334.07000732421875,0.0,0.0,0.0,0.0
2025-05-15,340.3399963378906,346.1400146484375,334.7200012207031,342.82000732421875,97882600,0.0,0.0,0.0,0.0,0.0,0.0,-1.3978329078298546,341.52333577473956,314.6071472167969,2.831173543265266,347.67999267578125,0.0,0.0,0.0,0.0
2025-05-16,346.239990234375,351.6199951171875,342.3299865722656,349.9800109863281,95895700,0.0,0.0,0.0,0.0,0.0,0.0,2.08856061756566,346.82667032877606,325.14429146902904,2.59846926780264,342.82000732421875,0.0,0.0,0.0,0.0
2025-05-19,336.29998779296875,343.0,333.3699951171875,342.0899963378906,88869900,0.0,0.0,0.0,0.0,0.0,0.0,-2.2544186527114873,344.9633382161458,333.32571847098217,3.391370861084821,349.9800109863281,0.0,0.0,0.0,0.0
2025-05-20,347.8699951171875,354.989990234375,341.6300048828125,343.82000732421875,131715500,0.0,0.0,0.0,0.0,0.0,0.0,0.5057180873010214,345.2966715494792,339.83428955078125,3.3470301184232576,342.0899963378906,0.0,0.0,0.0,0.0
2025-05-21,344.42999267578125,347.3500061035156,332.20001220703125,334.6199951171875,102354800,0.0,0.0,0.0,0.0,0.0,0.0,-2.6758222357769146,340.1766662597656,342.154288155692,3.047747030430929,343.82000732421875,0.0,0.0,0.0,0.0
2025-05-22,331.8999938964844,347.2699890136719,331.3900146484375,341.0400085449219,97113400,0.0,0.0,0.0,0.0,0.0,0.0,1.9185982671137136,339.82667032877606,343.1500026157924,2.528627818780976,334.6199951171875,0.0,0.0,0.0,0.0
2025-05-23,337.9200134277344,343.17999267578125,333.2099914550781,339.3399963378906,84654800,0.0,0.0,0.0,0.0,0.0,0.0,-0.49847881903489766,338.3333333333333,341.9585745675223,1.9139389472749169,341.0400085449219,0.0,0.0,0.0,0.0
2025-05-27,347.3500061035156,363.7900085449219,347.32000732421875,362.8900146484375,120146400,0.0,0.0,0.0,0.0,0.0,0.0,6.939947711644767,347.7566731770833,344.82571847098217,3.2600709617544226,339.3399963378906,0.0,0.0,0.0,0.0
2025-05-28,364.8399963378906,365.0,355.9100036621094,356.8999938964844,91404300,0.0,0.0,0.0,0.0,0.0,0.0,-1.6506435862546853,353.0433349609375,345.8142874581473,3.330899610971093,362.8900146484375,0.0,0.0,0.0,0.0
2025-05-29,365.2900085449219,367.7099914550781,356.0,358.42999267578125,88087800,0.0,0.0,0.0,0.0,0.0,0.0,0.42869117552875036,359.4066670735677,348.14857264927457,3.132907990455381,356.8999938964844,0.0,0.0,0.0,0.0
2025-05-30,355.5199890136719,363.6799926757813,345.2900085449219,346.4599914550781,123474900,0.0,0.0,0.0,0.0,0.0,0.0,-3.3395646193957407,353.92999267578125,348.5257132393973,3.4912609363069604,358.42999267578125,0.0,0.0,0.0,0.0
2025-06-02,343.5,348.0199890136719,333.3299865722656,342.69000244140625,81873800,0.0,0.0,0.0,0.0,0.0,0.0,-1.088145559849063,349.1933288574219,349.67857142857144,3.323854620880728,346.4599914550781,0.0,0.0,0.0,0.0
2025-06-03,346.6000061035156,355.3999938964844,343.0400085449219,344.2699890136719,99324500,0.0,0.0,0.0,0.0,0.0,0.0,0.46105417753929956,344.47332763671875,350.13999720982144,3.2569116826806592,342.69000244140625,0.0,0.0,0.0,0.0
2025-06-04,345.1000061035156,345.6000061035156,327.3299865722656,332.04998779296875,98912100,0.0,0.0,0.0,0.0,0.0,0.0,-3.5495400733921767,339.6699930826823,349.0985674176897,3.5533528912325933,344.2699890136719,0.0,0.0,0.0,0.0
2025-06-05,322.489990234375,324.54998779296875,273.2099914550781,284.70001220703125,287499800,0.0,0.0,0.0,0.0,0.0,0.0,-14.259893789082124,320.3399963378906,337.9285670689174,5.09645245038431,332.04998779296875,0.0,0.0,0.0,0.0
2025-06-06,298.8299865722656,305.5,291.1400146484375,295.1400146484375,164747700,0.0,0.0,0.0,0.0,0.0,0.0,3.6670186138995975,303.9633382161458,329.105712890625,5.736831040098469,284.70001220703125,0.0,0.0,0.0,0.0
2025-06-09,285.9599914550781,309.8299865722656,281.8500061035156,308.5799865722656,140908900,0.0,0.0,0.0,0.0,0.0,0.0,4.553761352840424,296.14000447591144,321.9842834472656,6.277305786920684,295.1400146484375,0.0,0.0,0.0,0.0
2025-06-10,314.94000244140625,327.8299865722656,310.6700134277344,326.0899963378906,151256500,0.0,0.0,0.0,0.0,0.0,0.0,5.674382827003055,309.93666585286456,319.0742841448103,6.8407668176251715,308.5799865722656,0.0,0.0,0.0,0.0
2025-06-11,334.3999938964844,335.5,322.5,326.42999267578125,122611400,0.0,0.0,0.0,0.0,0.0,0.0,0.10426457165473302,320.3666585286458,316.75142560686385,6.842848145352165,326.0899963378906,0.0,0.0,0.0,0.0
2025-06-12,323.0799865722656,332.5599975585937,316.8599853515625,319.1099853515625,105127500,0.0,0.0,0.0,0.0,0.0,0.0,-2.242443246166159,323.8766581217448,313.15713936941967,6.857264431212948,326.42999267578125,0.0,0.0,0.0,0.0
2025-06-13,313.9700012207031,332.989990234375,313.29998779296875,325.3099975585937,128964300,0.0,0.0,0.0,0.0,0.0,0.0,1.9429076154419578,323.6166585286458,312.1942836216518,6.812934656509561,319.1099853515625,0.0,0.0,0.0,0.0
2025-06-16,331.2900085449219,332.04998779296875,326.4100036621094,329.1300048828125,83925900,0.0,0.0,0.0,0.0,0.0,0.0,1.1742668079331775,324.51666259765625,318.5414254324777,2.737693825253958,325.3099975585937,0.0,0.0,0.0,0.0
2025-06-17,326.0899963378906,327.260009765625,314.739990234375,316.3500061035156,88282700,0.0,0.0,0.0,0.0,0.0,0.0,-3.8829637497946212,323.59666951497394,321.57142421177457,3.4288632838727167,329.1300048828125,0.0,0.0,0.0,0.0
2025-06-18,317.3099975585937,329.32000732421875,315.45001220703125,322.04998779296875,95137700,0.0,0.0,0.0,0.0,0.0,0.0,1.80179597897272,322.50999959309894,323.49571010044644,3.101861471497368,316.3500061035156,0.0,0.0,0.0,0.0
2025-06-20,327.95001220703125,332.3599853515625,317.7799987792969,322.1600036621094,108688000,0.0,0.0,0.0,0.0,0.0,0.0,0.03416111576173275,320.18666585286456,322.9342825753348,2.1739100315540023,322.04998779296875,0.0,0.0,0.0,0.0
2025-06-23,327.5400085449219,357.5400085449219,327.4800109863281,348.67999267578125,190716800,0.0,0.0,0.0,0.0,0.0,0.0,8.231930938729072,330.9633280436198,326.11285400390625,3.8546996235436475,322.1600036621094,0.0,0.0,0.0,0.0
2025-06-24,356.1700134277344,356.260009765625,340.44000244140625,340.4700012207031,114736200,0.0,0.0,0.0,0.0,0.0,0.0,-2.3545920693855638,337.10333251953125,329.1642848423549,3.8706635869427544,348.67999267578125,0.0,0.0,0.0,0.0
2025-06-25,342.70001220703125,343.0,320.3999938964844,327.54998779296875,119845100,0.0,0.0,0.0,0.0,0.0,0.0,-3.7947582404945,338.8999938964844,329.4842834472656,4.226973396034071,340.4700012207031,0.0,0.0,0.0,0.0
2025-06-26,324.6099853515625,331.04998779296875,323.6099853515625,325.7799987792969,80440900,0.0,0.0,0.0,0.0,0.0,0.0,-0.5403721812350049,331.26666259765625,329.0057111467634,4.208911640243667,327.54998779296875,0.0,0.0,0.0,0.0
2025-06-27,324.510009765625,329.3399963378906,317.5,323.6300048828125,89067000,0.0,0.0,0.0,0.0,0.0,0.0,-0.6599526995335614,325.65333048502606,330.0457109723772,3.886485782447873,325.7799987792969,0.0,0.0,0.0,0.0
2025-06-30,319.8999938964844,325.5799865722656,316.6000061035156,317.6600036621094,76695100,0.0,0.0,0.0,0.0,0.0,0.0,-1.8446995428822777,322.35666910807294,329.4185703822545,3.9097634773895575,323.6300048828125,0.0,0.0,0.0,0.0
2025-07-01,298.4599914550781,305.8900146484375,293.2099914550781,300.7099914550781,145085700,0.0,0.0,0.0,0.0,0.0,0.0,-5.335897504131726,314.0,326.35428292410717,4.371197860310167,317.6600036621094,0.0,0.0,0.0,0.0
2025-07-02,312.6300048828125,316.8299865722656,303.82000732421875,315.6499938964844,119483700,0.0,0.0,0.0,0.0,0.0,0.0,4.968242780731846,311.3399963378906,321.6357116699219,3.270275625663,300.7099914550781,0.0,0.0,0.0,0.0
2025-07-03,317.989990234375,318.45001220703125,312.760009765625,315.3500061035156,58042300,0.0,0.0,0.0,0.0,0.0,0.0,-0.09503811144286889,310.5699971516927,318.0471409388951,3.267947768625905,315.6499938964844,0.0,0.0,0.0,0.0
2025-07-07,291.3699951171875,296.1499938964844,288.7699890136719,293.94000244140625,131177900,0.0,0.0,0.0,0.0,0.0,0.0,-6.789282780315342,308.31333414713544,313.24571446010043,3.8349750187325182,315.3500061035156,0.0,0.0,0.0,0.0
2025-07-08,297.0,304.04998779296875,294.3500061035156,297.8099975585937,103246700,0.0,0.0,0.0,0.0,0.0,0.0,1.3165935514200422,302.3666687011719,309.25,3.9718633886154446,293.94000244140625,0.0,0.0,0.0,0.0
2025-07-09,297.54998779296875,300.1499938964844,293.54998779296875,295.8800048828125,75586800,0.0,0.0,0.0,0.0,0.0,0.0,-0.6480617479611261,295.8766682942708,305.2857142857143,3.972138240884033,297.8099975585937,0.0,0.0,0.0,0.0
2025-07-10,300.04998779296875,310.4800109863281,300.0,309.8699951171875,104365300,0.0,0.0,0.0,0.0,0.0,0.0,4.72826483827995,301.18666585286456,304.17285592215404,4.532785246509479,295.8800048828125,0.0,0.0,0.0,0.0
2025-07-11,307.8900146484375,314.0899963378906,305.6499938964844,313.510009765625,79236400,0.0,0.0,0.0,0.0,0.0,0.0,1.174690904506881,306.4200032552083,306.00142996651783,3.949272071746771,309.8699951171875,0.0,0.0,0.0,0.0
2025-07-14,317.7300109863281,322.6000061035156,312.6700134277344,316.8999938964844,78043400,0.0,0.0,0.0,0.0,0.0,0.0,1.0813001260769006,313.4266662597656,306.1800013950893,3.4899386231393015,313.510009765625,0.0,0.0,0.0,0.0
2025-07-15,319.67999267578125,321.20001220703125,310.5,310.7799987792969,77556300,0.0,0.0,0.0,0.0,0.0,0.0,-1.9312070795389769,313.73000081380206,305.5271432059152,3.5758464197450666,316.8999938964844,0.0,0.0,0.0,0.0
2025-07-16,312.79998779296875,323.5,312.6199951171875,321.6700134277344,97284800,0.0,0.0,0.0,0.0,0.0,0.0,3.5040912192586537,316.4500020345052,309.4885733468192,2.269662706898965,310.7799987792969,0.0,0.0,0.0,0.0
2025-07-17,323.1499938964844,324.3399963378906,317.0599975585937,319.4100036621094,73922900,0.0,0.0,0.0,0.0,0.0,0.0,-0.7025863995037018,317.2866719563802,312.5742885044643,2.394728579175939,321.6700134277344,0.0,0.0,0.0,0.0
2025-07-18,321.6600036621094,330.8999938964844,321.4200134277344,329.6499938964844,94255000,0.0,0.0,0.0,0.0,0.0,0.0,3.205907804067243,323.57667032877606,317.39857264927457,2.3877823575664845,319.4100036621094,0.0,0.0,0.0,0.0
2025-07-21,334.3999938964844,338.0,326.8800048828125,328.489990234375,75768800,0.0,0.0,0.0,0.0,0.0,0.0,-0.35188948387289143,325.84999593098956,320.0585719517299,2.0142604174046994,329.6499938964844,0.0,0.0,0.0,0.0
2025-07-22,329.739990234375,335.4100036621094,321.54998779296875,332.1099853515625,77370400,0.0,0.0,0.0,0.0,0.0,0.0,1.10201078413521,330.0833231608073,322.71571132114957,2.012520399377733,328.489990234375,0.0,0.0,0.0,0.0
2025-07-23,330.8999938964844,336.20001220703125,328.6700134277344,332.5599975585937,92553800,0.0,0.0,0.0,0.0,0.0,0.0,0.13550095657461902,331.0533243815104,324.9528547014509,2.0256356213156024,332.1099853515625,0.0,0.0,0.0,0.0
2025-07-24,310.0,310.1499938964844,300.4100036621094,305.29998779296875,156966000,0.0,0.0,0.0,0.0,0.0,0.0,-8.197020076301275,323.3233235677083,324.1699959891183,3.902028731565644,332.5599975585937,0.0,0.0,0.0,0.0
2025-07-25,308.739990234375,323.6300048828125,308.010009765625,316.0599975585937,148227000,0.0,0.0,0.0,0.0,0.0,0.0,3.52440556693423,317.97332763671875,323.36856515066967,3.9052370428587353,305.29998779296875,0.0,0.0,0.0,0.0
2025-07-28,318.45001220703125,330.489990234375,315.69000244140625,325.5899963378906,112673800,0.0,0.0,0.0,0.0,0.0,0.0,3.0152499060024818,315.6499938964844,324.2514212472098,4.072106588784929,316.0599975585937,0.0,0.0,0.0,0.0
2025-07-29,325.54998779296875,326.25,318.25,321.20001220703125,87358900,0.0,0.0,0.0,0.0,0.0,0.0,-1.3483166498468035,320.9500020345052,323.0442810058594,3.899503902711373,325.5899963378906,0.0,0.0,0.0,0.0
2025-07-30,322.17999267578125,324.45001220703125,311.6199951171875,319.0400085449219,83931900,0.0,0.0,0.0,0.0,0.0,0.0,-0.6724793213012448,321.94333902994794,321.6942836216518,3.902057417886105,321.20001220703125,0.0,0.0,0.0,0.0
2025-07-31,319.6099853515625,321.3699951171875,306.1000061035156,308.2699890136719,85270900,0.0,0.0,0.0,0.0,0.0,0.0,-3.3757582882378623,316.1700032552083,318.28856985909596,3.990630878801357,319.0400085449219,0.0,0.0,0.0,0.0
2025-08-01,306.2099914550781,309.3099975585937,297.82000732421875,302.6300048828125,89121400,0.0,0.0,0.0,0.0,0.0,0.0,-1.829559909125389,309.98000081380206,314.01285661969865,3.9674463297970726,308.2699890136719,0.0,0.0,0.0,0.0
2025-08-04,309.0799865722656,312.1199951171875,303.0,309.260009765625,78683900,0.0,0.0,0.0,0.0,0.0,0.0,2.190795617037322,306.7200012207031,314.57857404436385,2.677146546853973,302.6300048828125,0.0,0.0,0.0,0.0
2025-08-05,308.95001220703125,312.45001220703125,305.5,308.7200012207031,57961300,0.0,0.0,0.0,0.0,0.0,0.0,-0.17461311772288823,306.87000528971356,313.5300031389509,2.24525192199872,309.260009765625,0.0,0.0,0.0,0.0
2025-08-06,307.8900146484375,320.4700012207031,306.92999267578125,319.9100036621094,78523600,0.0,0.0,0.0,0.0,0.0,0.0,3.624644466558724,312.6300048828125,312.7185756138393,2.402163019506899,308.7200012207031,0.0,0.0,0.0,0.0
2025-08-07,319.7900085449219,322.3999938964844,316.1600036621094,322.2699890136719,66658700,0.0,0.0,0.0,0.0,0.0,0.0,0.7377028928595486,316.96666463216144,312.8714294433594,2.3689579699564405,319.9100036621094,0.0,0.0,0.0,0.0
2025-08-08,321.42999267578125,335.1499938964844,320.9800109863281,329.6499938964844,91200300,0.0,0.0,0.0,0.0,0.0,0.0,2.290006868278205,323.9433288574219,314.3871416364397,2.476088359500323,322.2699890136719,0.0,0.0,0.0,0.0
2025-08-11,335.0,346.6400146484375,334.1499938964844,339.0299987792969,105320200,0.0,0.0,0.0,0.0,0.0,0.0,2.845443669493286,330.31666056315106,318.7814287458147,1.906218468513787,329.6499938964844,0.0,0.0,0.0,0.0
2025-08-12,345.0,345.260009765625,332.94000244140625,340.8399963378906,80522100,0.0,0.0,0.0,0.0,0.0,0.0,0.5338753399730889,336.5066630045573,324.239998953683,1.378537854980423,339.0299987792969,0.0,0.0,0.0,0.0
2025-08-13,341.5,348.9800109863281,338.20001220703125,339.3800048828125,67838900,0.0,0.0,0.0,0.0,0.0,0.0,-0.42835097722239146,339.75,328.5428553989955,1.571721558148312,340.8399963378906,0.0,0.0,0.0,0.0
2025-08-14,335.760009765625,340.4700012207031,330.3999938964844,335.5799865722656,75000700,0.0,0.0,0.0,0.0,0.0,0.0,-1.1196942235471519,338.59999593098956,332.3799961635045,1.754206867917324,339.3800048828125,0.0,0.0,0.0,0.0
2025-08-15,337.6600036621094,339.29998779296875,327.0199890136719,330.5599975585937,74319800,0.0,0.0,0.0,0.0,0.0,0.0,-1.49591430196655,335.17332967122394,333.9014238630022,1.6446438844331577,335.5799865722656,0.0,0.0,0.0,0.0
2025-08-18,329.6199951171875,336.2699890136719,329.5899963378906,335.1600036621094,56956600,0.0,0.0,0.0,0.0,0.0,0.0,1.3915797850586165,333.76666259765625,335.7428545270647,1.679882697898136,330.5599975585937,0.0,0.0,0.0,0.0
2025-08-19,335.7900085449219,340.54998779296875,327.8500061035156,329.3099975585937,75956000,0.0,0.0,0.0,0.0,0.0,0.0,-1.7454368181154867,331.6766662597656,335.6942836216518,1.685206563604055,335.1600036621094,0.0,0.0,0.0,0.0
2025-08-20,329.2200012207031,331.3699951171875,314.6000061035156,323.8999938964844,77481800,0.0,0.0,0.0,0.0,0.0,0.0,-1.6428300696053832,329.4566650390625,333.53285435267856,1.206948439084869,329.3099975585937,0.0,0.0,0.0,0.0
2025-08-21,322.0799865722656,324.8999938964844,318.67999267578125,320.1099853515625,55744400,0.0,0.0,0.0,0.0,0.0,0.0,-1.170116892973183,324.4399922688802,330.57142421177457,1.096627830169361,323.8999938964844,0.0,0.0,0.0,0.0
2025-08-22,321.6600036621094,340.25,319.69000244140625,340.010009765625,94016300,0.0,0.0,0.0,0.0,0.0,0.0,6.2166209505171155,328.0066630045573,330.6614249093192,2.920103454476435,320.1099853515625,0.0,0.0,0.0,0.0
2025-08-25,338.8999938964844,349.5299987792969,335.0299987792969,346.6000061035156,86670000,0.0,0.0,0.0,0.0,0.0,0.0,1.9381771561470362,335.5733337402344,332.23571341378346,2.9424957016246096,340.010009765625,0.0,0.0,0.0,0.0
2025-08-26,344.92999267578125,351.8999938964844,343.7200012207031,351.6700134277344,76651600,0.0,0.0,0.0,0.0,0.0,0.0,1.462783391499567,346.0933430989583,335.25142996651783,2.8180697574859797,346.6000061035156,0.0,0.0,0.0,0.0
2025-08-27,351.94000244140625,355.3900146484375,349.1600036621094,349.6000061035156,65519000,0.0,0.0,0.0,0.0,0.0,0.0,-0.5886220733017145,349.2900085449219,337.3142874581473,2.862067500968714,351.6700134277344,0.0,0.0,0.0,0.0
2025-08-28,350.9100036621094,353.54998779296875,340.260009765625,345.9800109863281,67903200,0.0,0.0,0.0,0.0,0.0,0.0,-1.0354676927882056,349.0833435058594,339.69571794782365,2.7747483113795894,349.6000061035156,0.0,0.0,0.0,0.0
2025-08-29,347.2300109863281,348.75,331.70001220703125,333.8699951171875,81145700,0.0,0.0,0.0,0.0,0.0,0.0,-3.5002067994093333,343.15000406901044,341.1200038364955,3.109241529541615,345.9800109863281,0.0,0.0,0.0,0.0
2025-09-02,328.2300109863281,333.3299865722656,325.6000061035156,329.3599853515625,58392000,0.0,0.0,0.0,0.0,0.0,0.0,-1.350828116207925,336.40333048502606,342.4414324079241,3.125880575781623,333.8699951171875,0.0,0.0,0.0,0.0
2025-09-03,335.20001220703125,343.3299865722656,328.510009765625,334.0899963378906,88733300,0.0,0.0,0.0,0.0,0.0,0.0,1.436121932444001,332.4399922688802,341.59571620396207,1.9608779462036996,329.3599853515625,0.0,0.0,0.0,0.0
2025-09-04,336.1499938964844,338.8900146484375,331.4800109863281,338.5299987792969,60711000,0.0,0.0,0.0,0.0,0.0,0.0,1.328983953448204,333.9933268229167,340.44285801478793,1.8592917644668214,334.0899963378906,0.0,0.0,0.0,0.0
2025-09-05,348.0,355.8699951171875,344.67999267578125,350.8399963378906,108989800,0.0,0.0,0.0,0.0,0.0,0.0,3.6363092201525005,341.15333048502606,340.3242841448103,2.3290007394705947,338.5299987792969,0.0,0.0,0.0,0.0
2025-09-08,354.6400146484375,358.44000244140625,344.8399963378906,346.3999938964844,75208300,0.0,0.0,0.0,0.0,0.0,0.0,-1.265534855703887,345.2566630045573,339.8671395438058,2.370683965626869,350.8399963378906,0.0,0.0,0.0,0.0
2025-09-09,348.44000244140625,350.7699890136719,343.82000732421875,346.9700012207031,53816000,0.0,0.0,0.0,0.0,0.0,0.0,0.1645517708609212,348.0699971516927,340.0085667201451,2.335500595305764,346.3999938964844,0.0,0.0,0.0,0.0
2025-09-10,350.54998779296875,356.3299865722656,346.07000732421875,347.7900085449219,72121700,0.0,0.0,0.0,0.0,0.0,0.0,0.23633378140295314,347.05333455403644,341.9971400669643,1.7348141992979802,346.9700012207031,0.0,0.0,0.0,0.0
2025-09-11,350.1700134277344,368.989990234375,347.6000061035156,368.80999755859375,103756000,0.0,0.0,0.0,0.0,0.0,0.0,6.043873744853956,354.52333577473956,347.6328560965402,2.4530784719031673,347.7900085449219,0.0,0.0,0.0,0.0
2025-09-12,370.9400024414063,396.6900024414063,370.239990234375,395.9400024414063,168156400,0.0,0.0,0.0,0.0,0.0,0.0,7.356092584909479,370.84666951497394,356.4685712541853,3.2547634172675437,368.80999755859375,0.0,0.0,0.0,0.0
2025-09-15,423.1300048828125,425.7000122070313,402.4299926757813,410.0400085449219,163823700,0.0,0.0,0.0,0.0,0.0,0.0,3.561147147692445,391.59666951497394,366.68428693498885,3.2301569033729987,395.9400024414063,0.0,0.0,0.0,0.0
2025-09-16,414.5,423.25,411.4299926757813,421.6199951171875,104285700,0.0,0.0,0.0,0.0,0.0,0.0,2.8241113869250656,409.2000020345052,376.79571533203125,3.210431513029518,410.0400085449219,0.0,0.0,0.0,0.0
2025-09-17,415.75,428.30999755859375,409.6700134277344,425.8599853515625,106133500,0.0,0.0,0.0,0.0,0.0,0.0,1.005642588937583,419.17332967122394,388.1471426827567,2.835382374991304,421.6199951171875,0.0,0.0,0.0,0.0
2025-09-18,428.8699951171875,432.2200012207031,416.55999755859375,416.8500061035156,90454500,0.0,0.0,0.0,0.0,0.0,0.0,-2.1157139806429193,421.4433288574219,398.13000052315846,3.3103184235697807,425.8599853515625,0.0,0.0,0.0,0.0
2025-09-19,421.8200073242188,429.4700012207031,421.7200012207031,426.0700073242188,93131000,0.0,0.0,0.0,0.0,0.0,0.0,2.2118270566640286,422.9266662597656,409.3128574916295,3.1452057627539456,416.8500061035156,0.0,0.0,0.0,0.0
2025-09-22,431.1099853515625,444.9800109863281,429.1300048828125,434.2099914550781,97108800,0.0,0.0,0.0,0.0,0.0,0.0,1.910480435358397,425.7100016276042,418.6557137625558,2.849023895643084,426.0700073242188,0.0,0.0,0.0,0.0
2025-09-23,439.8800048828125,440.9700012207031,423.7200012207031,425.8500061035156,83422700,0.0,0.0,0.0,0.0,0.0,0.0,-1.9253323313789705,428.7100016276042,422.92857142857144,2.251583998810606,434.2099914550781,0.0,0.0,0.0,0.0
2025-09-24,429.8299865722656,444.2099914550781,429.0299987792969,442.7900085449219,93133600,0.0,0.0,0.0,0.0,0.0,0.0,3.977927016229388,434.28333536783856,427.60714285714283,2.332570738089112,425.8500061035156,0.0,0.0,0.0,0.0
2025-09-25,435.239990234375,435.3500061035156,419.0799865722656,423.3900146484375,96746400,0.0,0.0,0.0,0.0,0.0,0.0,-4.381307961359793,430.6766764322917,427.86000279017856,2.963376484179593,442.7900085449219,0.0,0.0,0.0,0.0
2025-09-26,428.2999877929688,440.4700012207031,421.0199890136719,440.3999938964844,101628200,0.0,0.0,0.0,0.0,0.0,0.0,4.01756741055197,435.52667236328125,429.93714686802457,3.314990462442794,423.3900146484375,0.0,0.0,0.0,0.0
2025-09-29,444.3500061035156,450.9800109863281,439.5,443.2099914550781,79491500,0.0,0.0,0.0,0.0,0.0,0.0,0.638055766924972,435.6666666666667,433.7028590611049,3.105773460487129,440.3999938964844,0.0,0.0,0.0,0.0
2025-09-30,441.5199890136719,445.0,433.1199951171875,444.7200012207031,74358000,0.0,0.0,0.0,0.0,0.0,0.0,0.34069849388267404,442.7766621907552,436.3671439034598,3.0563189518218365,443.2099914550781,0.0,0.0,0.0,0.0
2025-10-01,443.7999877929688,462.2900085449219,440.75,459.4599914550781,98122300,0.0,0.0,0.0,0.0,0.0,0.0,3.3144428390707636,449.12999471028644,439.9742867606027,3.1954160759342174,444.7200012207031,0.0,0.0,0.0,0.0
2025-10-02,470.5400085449219,470.75,435.5700073242188,436.0,137009000,0.0,0.0,0.0,0.0,0.0,0.0,-5.105992228133283,446.72666422526044,441.4242858886719,3.8214171878906775,459.4599914550781,0.0,0.0,0.0,0.0
2025-10-03,443.2900085449219,446.7699890136719,416.5799865722656,429.8299865722656,133188200,0.0,0.0,0.0,0.0,0.0,0.0,-1.4151406944344913,441.76332600911456,439.5728541782924,3.5109274228344223,436.0,0.0,0.0,0.0,0.0
2025-10-06,440.75,453.5499877929688,436.6900024414063,453.25,85324900,0.0,0.0,0.0,0.0,0.0,0.0,5.4486690457546505,439.6933288574219,443.8385663713728,3.603855119243183,429.8299865722656,0.0,0.0,0.0,0.0
2025-10-07,447.8200073242188,452.6799926757813,432.4500122070313,433.0899963378906,102296100,0.0,0.0,0.0,0.0,0.0,0.0,-4.447877255843213,438.72332763671875,442.7942810058594,3.8479211305749885,453.25,0.0,0.0,0.0,0.0
2025-10-08,437.5700073242188,441.3299865722656,425.2300109863281,438.6900024414063,71192100,0.0,0.0,0.0,0.0,0.0,0.0,1.2930352007361146,441.6766662597656,442.1485682896205,3.8788349974377057,433.0899963378906,0.0,0.0,0.0,0.0
2025-10-09,431.80999755859375,436.3500061035156,426.1799926757813,435.5400085449219,69339900,0.0,0.0,0.0,0.0,0.0,0.0,-0.7180455170972766,435.77333577473956,440.83714076450894,3.8802591534376414,438.6900024414063,0.0,0.0,0.0,0.0
2025-10-10,436.5400085449219,443.1300048828125,411.4500122070313,413.489990234375,112107900,0.0,0.0,0.0,0.0,0.0,0.0,-5.062684914805626,429.24000040690106,434.2699977329799,3.8956174021201626,435.5400085449219,0.0,0.0,0.0,0.0
2025-10-13,423.5299987792969,436.8900146484375,419.7000122070313,435.8999938964844,79552800,0.0,0.0,0.9545951755717396,0.0,0.0,0.0,5.419720958518703,428.30999755859375,434.2557111467634,4.2549506198335445,413.489990234375,0.0,0.3181983918572465,0.13637073936739136,0.5511357815834619
2025-10-14,426.7900085449219,434.2000122070313,417.8599853515625,429.239990234375,71541278,0.0,0.0,0.0,0.0,0.0,0.0,-1.5278742269702716,426.2099914550781,434.17142595563615,4.261734070681254,435.8999938964844,0.9545951755717396,0.3181983918572465,0.13637073936739136,0.5511357815834619
